precision,max_iter,exception,first_order,unbounded,small_step,unknown,mean_time
Float16,12,1,42,0,0,27,0.045919706792007256
BFloat16,0,13,52,0,0,17,0.0035893847976905713
Double16,63,1,15,0,0,3,1.6026242897834306
Float32,21,0,59,0,0,2,0.011867688923347287
Double32,51,0,31,0,0,0,0.4598957329261594
Float64,55,0,27,0,0,0,0.04102714468793171
Double64,67,0,15,0,0,0,0.6243628670529622
Float128,67,0,15,0,0,0,0.7038830169817296
BigFloat,69,0,13,0,0,0,3.168756330885538
