precision,max_iter,exception,first_order,unbounded,small_step,unknown,mean_time
Float16,16,1,60,0,0,5,0.034880228984503096
BFloat16,0,13,56,0,0,13,0.0033044365869052167
Double16,63,1,15,0,0,3,1.5890364440870874
Float32,21,0,61,0,0,0,0.010751933586306689
Double32,51,0,31,0,0,0,0.44150023925595167
Float64,55,0,27,0,0,0,0.03820396923437351
Double64,67,0,15,0,0,0,0.6200232302270284
Float128,67,0,15,0,0,0,0.6873124023763145
BigFloat,69,0,13,0,0,0,3.1297873462118755
