precision,max_iter,exception,first_order,unbounded,small_step,mean_time
Float16,17,1,25,0,39,26.39583432527236
BFloat16,0,13,32,0,37,0.06427757981894673
Double16,66,1,0,0,15,3375.724130400905
Float32,47,0,9,0,26,58.24014560478489
Double32,64,0,8,0,10,983.1584250897896
Float64,63,0,6,0,13,89.39052393087526
Double64,67,0,5,0,10,1185.9766927463252
Float128,66,0,5,0,11,1333.5950190846513
BigFloat,70,0,4,0,8,5360.294334039456
