precision,max_iter,exception,first_order,unbounded,small_step,mean_time
Float16,19,1,32,0,0,0.0895537535349528
BFloat16,0,82,0,0,0,NaN
Double16,68,1,5,0,0,2.647207377869406
Float32,32,0,44,0,0,0.019018388376003358
Double32,34,0,48,0,0,0.352067537424041
Float64,34,0,48,0,0,0.022779793274111865
Double64,34,0,48,0,0,0.3867348287163711
Float128,34,0,48,0,0,0.48341979631563514
BigFloat,34,0,48,0,0,1.89570078617189
