precision,max_iter,exception,first_order,unbounded,small_step,unknown,mean_time
Float16,39,11,32,0,0,0,0.02721064473375862
BFloat16,14,13,55,0,0,0,0.004983438961747764
Double16,65,1,16,0,0,0,1.5398660795188244
Float32,21,0,61,0,0,0,0.013481480319325516
Double32,51,0,31,0,0,0,0.4626136436695006
Float64,55,0,27,0,0,0,0.03976593075728998
Double64,67,0,15,0,0,0,0.7576482266914554
Float128,67,0,15,0,0,0,0.7089973920729102
BigFloat,69,0,13,0,0,0,3.0909214775736737
