precision,max_iter,exception,first_order,unbounded,small_step,mean_time
Float16,21,1,25,0,35,6.233275366418155
BFloat16,0,13,32,0,37,0.06320291671200075
Double16,71,1,0,0,10,301.2684527179341
Float32,62,0,8,0,12,4.6949155417884265
Double32,66,0,8,0,8,74.41065987726537
Float64,67,0,5,0,10,6.555865473863555
Double64,69,0,4,0,9,86.32332381388036
Float128,70,0,4,0,8,93.3745694800121
BigFloat,76,0,3,0,3,459.97620146158266
