precision,max_iter,exception,first_order,unbounded,small_step,mean_time
Float16,21,1,25,0,0,5.491115043192734
BFloat16,0,82,0,0,0,NaN
Double16,68,1,5,0,0,257.2803042170442
Float32,20,0,39,0,0,1.7314969562902682
Double32,20,0,41,0,0,27.450293822986325
Float64,20,0,41,0,0,2.201394284643778
Double64,20,0,41,0,0,27.812099715558492
Float128,20,0,41,0,0,31.852067697338942
BigFloat,20,0,41,0,0,131.51136453268003
