precision,max_iter,exception,first_order,unbounded,small_step,mean_time
Float16,17,1,25,0,39,9.573704816676953
BFloat16,0,13,32,0,37,0.06911457103231679
Double16,70,1,0,0,11,1030.3551962611116
Float32,57,0,9,0,16,22.32771878998454
Double32,65,0,8,0,9,266.2001943152125
Float64,65,0,6,0,11,28.600950165492733
Double64,69,0,4,0,9,307.58666029790555
Float128,69,0,4,0,9,350.885696524527
BigFloat,72,0,3,0,7,1475.6994046496181
