precision,max_iter,exception,first_order,unbounded,small_step,mean_time
Float16,21,1,25,0,0,0.090360935823417
BFloat16,0,82,0,0,0,NaN
Double16,68,1,5,0,0,2.6510076846605464
Float32,20,0,39,0,0,0.019049618302322015
Double32,20,0,41,0,0,0.2606826817117086
Float64,20,0,41,0,0,0.022372341737514588
Double64,20,0,41,0,0,0.28228599269215654
Float128,20,0,41,0,0,0.3298770218360715
BigFloat,20,0,41,0,0,1.3247921001620409
