precision,max_iter,exception,first_order,unbounded,small_step,unknown,mean_time
Float16,16,1,60,0,0,5,0.033390545550687815
BFloat16,0,13,56,0,0,13,0.0035513794940450916
Double16,63,1,15,0,0,3,1.5478267169293063
Float32,21,0,61,0,0,0,0.011034136865197159
Double32,51,0,31,0,0,0,0.4647181528370555
Float64,55,0,27,0,0,0,0.03665104144957007
Double64,67,0,15,0,0,0,0.626084368403365
Float128,67,0,15,0,0,0,0.6989454234518656
BigFloat,69,0,13,0,0,0,3.0831144670160806
