precision,max_iter,exception,first_order,unbounded,small_step,mean_time
Float16,19,1,32,0,0,0.08988408100457838
BFloat16,0,82,0,0,0,NaN
Double16,68,1,5,0,0,2.6684010087707897
Float32,32,0,44,0,0,0.018976865745172267
Double32,34,0,48,0,0,0.36192369170305205
Float64,34,0,48,0,0,0.022590131294436572
Double64,34,0,48,0,0,0.4391519441837218
Float128,34,0,48,0,0,0.4785941693840957
BigFloat,34,0,48,0,0,1.8774658005412033
